{"ts":1773824479626,"data":[{"time":1767225600,"open":0.011,"high":0.04886,"low":0.011,"close":0.04799,"volume":28801667890},{"time":1769904000,"open":0.04798,"high":0.0495,"low":0.02052,"close":0.02182,"volume":74036490995},{"time":1772323200,"open":0.02182,"high":0.0285,"low":0.02058,"close":0.02131,"volume":3335407534}]}